GTS_TRAINING_WISH_ID,GTS_TRAINING_WISHED_BY_ID,GTS_TRAINING_ID,GTS_TRAINING_WISH_DESCRIPTION,GTS_TRAINING_WISH_DATE
1,43,359,Eager to learn email marketing and campaign strategies.,5/28/2023
2,739,140,Interested in building emotional intelligence for workplace success.,04-07-2024
3,200,67,I would love to learn advanced Python programming.,03-01-2025
4,418,713,Looking to understand web development fundamentals.,10/29/2024
5,312,793,Looking to understand web development fundamentals.,5/27/2023
6,561,17,Seeking skills in conflict resolution and negotiation.,2/16/2025
7,356,265,Aiming to learn effective presentation techniques.,7/22/2023
8,975,174,Aspiring to improve my project management skills.,3/20/2023
9,41,596,I want to enhance my skills in cloud computing.,09-08-2025
10,769,291,Seeking skills in conflict resolution and negotiation.,04-10-2025
11,86,12,Interested in building emotional intelligence for workplace success.,8/31/2024
12,460,425,I would like to improve my time management and productivity.,12/25/2025
13,130,225,Interested in building emotional intelligence for workplace success.,6/14/2024
14,964,912,I wish to dive deeper into cybersecurity.,8/16/2025
15,601,866,I wish to learn about AI and machine learning.,11/28/2025
16,298,518,Eager to learn email marketing and campaign strategies.,5/27/2025
17,984,288,Interested in mastering SEO and SEM techniques.,1/14/2025
18,603,456,Wanting to develop better teamwork and collaboration skills.,5/25/2023
19,354,258,Wanting to develop better teamwork and collaboration skills.,1/28/2025
20,764,993,Seeking knowledge in social media marketing.,12/26/2023
21,334,564,Interested in building emotional intelligence for workplace success.,07-11-2024
22,188,886,Interested in mastering SEO and SEM techniques.,10-01-2023
23,118,269,Seeking skills in conflict resolution and negotiation.,4/18/2024
24,192,329,I want to enhance my communication and leadership skills.,2/21/2024
25,133,719,Looking to understand web development fundamentals.,09-10-2024
26,440,400,Eager to learn email marketing and campaign strategies.,8/18/2023
27,781,708,Aspiring to improve my project management skills.,11/15/2025
28,966,521,I want to enhance my skills in cloud computing.,9/25/2024
29,375,299,Looking to understand web development fundamentals.,6/18/2025
30,133,303,Looking to understand web development fundamentals.,5/15/2025
31,978,85,Looking to refine my content marketing skills.,02-02-2023
32,903,208,I would love to learn advanced Python programming.,09-07-2025
33,137,111,Seeking knowledge in social media marketing.,08-06-2025
34,16,92,I wish to dive deeper into cybersecurity.,7/23/2023
35,640,400,Looking to understand web development fundamentals.,06-01-2024
36,490,451,Looking to understand web development fundamentals.,8/17/2023
37,928,292,I want to enhance my skills in cloud computing.,01-06-2023
38,198,925,Seeking skills in conflict resolution and negotiation.,10/26/2023
39,421,507,I want to enhance my skills in cloud computing.,11/15/2025
40,188,23,Looking to understand web development fundamentals.,04-07-2023
41,818,270,Aiming to learn full-stack development.,09-09-2024
42,200,141,Aiming to learn effective presentation techniques.,03-12-2024
43,749,21,Seeking skills in conflict resolution and negotiation.,04-08-2025
44,478,229,Seeking skills in conflict resolution and negotiation.,01-02-2023
45,979,630,I would love to learn advanced Python programming.,7/13/2023
46,650,101,I want to enhance my skills in cloud computing.,11/15/2025
47,660,666,I would like to improve my time management and productivity.,3/25/2024
48,98,656,I want to improve my digital marketing strategies.,11/23/2023
49,883,625,I would like to improve my time management and productivity.,06-05-2024
50,493,479,Eager to learn email marketing and campaign strategies.,09-11-2025
51,933,442,I want to improve my digital marketing strategies.,4/24/2025
52,5,152,Interested in mastering SEO and SEM techniques.,9/28/2025
53,382,910,Interested in mastering SEO and SEM techniques.,9/18/2024
54,808,587,I want to enhance my communication and leadership skills.,11/30/2025
55,373,242,Eager to learn email marketing and campaign strategies.,06-12-2025
56,886,8,I want to enhance my skills in cloud computing.,5/31/2025
57,376,280,Aiming to learn effective presentation techniques.,7/17/2023
58,313,364,I wish to dive deeper into cybersecurity.,3/31/2025
59,901,602,I wish to learn about AI and machine learning.,07-11-2025
60,49,958,I wish to learn about AI and machine learning.,12/31/2023
61,762,802,Wanting to develop better teamwork and collaboration skills.,9/17/2024
62,601,455,I want to enhance my skills in cloud computing.,04-02-2025
63,531,867,Interested in building emotional intelligence for workplace success.,04-02-2024
64,339,286,I need to enhance my business analysis skills.,12/13/2024
65,9,892,I wish to dive deeper into cybersecurity.,8/21/2025
66,439,10,I wish to dive deeper into cybersecurity.,8/29/2024
67,747,266,Seeking knowledge in social media marketing.,2/15/2024
68,970,99,I wish to learn about AI and machine learning.,10-06-2024
69,663,788,Aspiring to improve my project management skills.,11-01-2025
70,995,564,Looking to understand web development fundamentals.,6/20/2024
71,560,978,Aspiring to improve my project management skills.,7/26/2023
72,964,904,I wish to learn about AI and machine learning.,10-03-2025
73,99,248,Aspiring to improve my project management skills.,04-05-2023
74,731,874,Seeking skills in conflict resolution and negotiation.,12-06-2023
75,117,639,I want to enhance my communication and leadership skills.,9/20/2025
76,968,318,Seeking knowledge in social media marketing.,11/25/2024
77,665,37,Aiming to learn full-stack development.,12/24/2024
78,849,775,I need to enhance my business analysis skills.,9/30/2023
79,873,458,I wish to learn about AI and machine learning.,9/19/2025
80,194,375,I would like to improve my time management and productivity.,06-04-2025
81,12,168,Seeking skills in conflict resolution and negotiation.,10/22/2024
82,117,40,Aiming to learn effective presentation techniques.,7/31/2025
83,749,427,Eager to learn email marketing and campaign strategies.,12/17/2024
84,181,427,I would love to learn advanced Python programming.,9/21/2025
85,170,360,Aspiring to improve my project management skills.,10/20/2023
86,762,145,I want to enhance my communication and leadership skills.,3/24/2023
87,588,86,I want to improve my digital marketing strategies.,12/19/2023
88,575,803,Seeking skills in conflict resolution and negotiation.,02-08-2024
89,46,427,I want to enhance my skills in cloud computing.,02-06-2025
90,916,267,I want to enhance my skills in cloud computing.,10-01-2024
91,10,826,Eager to learn email marketing and campaign strategies.,11/29/2025
92,603,535,Interested in building emotional intelligence for workplace success.,5/17/2024
93,984,307,Wanting to develop better teamwork and collaboration skills.,10/20/2025
94,433,425,I want to enhance my communication and leadership skills.,07-09-2025
95,70,28,Aiming to learn full-stack development.,4/24/2025
96,533,861,Seeking skills in conflict resolution and negotiation.,9/15/2025
97,289,263,Eager to learn email marketing and campaign strategies.,9/19/2025
98,169,133,Wanting to develop better teamwork and collaboration skills.,07-01-2025
99,297,470,Wanting to develop better teamwork and collaboration skills.,06-01-2023
100,402,203,Seeking knowledge in social media marketing.,8/24/2025
101,753,777,I wish to learn about AI and machine learning.,2/28/2025
102,604,196,I want to improve my digital marketing strategies.,12-11-2024
103,628,122,Looking to refine my content marketing skills.,1/28/2024
104,731,933,I wish to learn about AI and machine learning.,8/14/2023
105,182,108,Interested in data science for healthcare.,12/30/2025
106,236,848,Seeking skills in conflict resolution and negotiation.,3/18/2023
107,287,782,Interested in data science for healthcare.,03-07-2023
108,938,770,Seeking skills in conflict resolution and negotiation.,5/30/2023
109,564,288,Aiming to learn full-stack development.,3/13/2025
110,886,79,Aspiring to improve my project management skills.,8/22/2025
111,496,405,Interested in building emotional intelligence for workplace success.,5/17/2023
112,363,186,I wish to learn about AI and machine learning.,9/23/2023
113,524,951,I need to enhance my business analysis skills.,8/26/2023
114,804,617,I would like to improve my time management and productivity.,12-07-2023
115,152,499,I want to enhance my skills in cloud computing.,10-04-2023
116,582,389,Wanting to develop better teamwork and collaboration skills.,12-05-2023
117,93,63,I wish to learn about AI and machine learning.,02-01-2024
118,755,14,Aiming to learn effective presentation techniques.,04-09-2023
119,206,735,Interested in mastering SEO and SEM techniques.,10/17/2025
120,148,156,I need to enhance my business analysis skills.,1/19/2023
121,797,657,Seeking knowledge in social media marketing.,10/18/2024
122,394,485,Eager to learn email marketing and campaign strategies.,06-06-2023
123,332,931,I would like to improve my time management and productivity.,9/27/2023
124,941,417,Interested in mastering SEO and SEM techniques.,02-08-2025
125,355,875,I would like to improve my time management and productivity.,01-09-2024
126,319,480,Interested in data science for healthcare.,08-10-2024
127,3,995,Looking to refine my content marketing skills.,6/19/2023
128,298,987,I want to improve my digital marketing strategies.,10-11-2023
129,860,965,I want to improve my digital marketing strategies.,02-09-2024
130,512,548,Interested in building emotional intelligence for workplace success.,11-02-2024
131,196,409,Seeking skills in conflict resolution and negotiation.,09-08-2024
132,864,558,Seeking skills in conflict resolution and negotiation.,10/14/2024
133,767,107,Eager to learn email marketing and campaign strategies.,01-03-2023
134,826,529,Wanting to develop better teamwork and collaboration skills.,7/29/2025
135,972,873,I want to improve my digital marketing strategies.,6/17/2024
136,697,624,I wish to learn about AI and machine learning.,12/26/2025
137,838,318,Aspiring to improve my project management skills.,05-08-2023
138,18,490,Aspiring to improve my project management skills.,05-10-2025
139,206,811,Aiming to learn full-stack development.,12/31/2023
140,674,685,Seeking skills in conflict resolution and negotiation.,4/27/2024
141,218,311,Looking to refine my content marketing skills.,12/20/2025
142,925,281,Aiming to learn full-stack development.,10-02-2024
143,587,836,I would like to improve my time management and productivity.,6/17/2024
144,912,194,I want to enhance my communication and leadership skills.,06-01-2023
145,951,721,I want to improve my digital marketing strategies.,4/16/2023
146,356,440,Aiming to learn full-stack development.,2/27/2023
147,53,142,Interested in mastering SEO and SEM techniques.,12/24/2023
148,254,301,Aiming to learn effective presentation techniques.,12/19/2024
149,987,185,I wish to dive deeper into cybersecurity.,12/23/2025
150,717,662,Seeking knowledge in social media marketing.,8/14/2023
151,591,786,Interested in building emotional intelligence for workplace success.,03-04-2025
152,971,778,I want to enhance my communication and leadership skills.,12/16/2023
153,334,682,I want to enhance my communication and leadership skills.,12-03-2024
154,712,758,I wish to dive deeper into cybersecurity.,10/15/2023
155,276,716,Interested in mastering SEO and SEM techniques.,12/29/2024
156,309,113,Eager to learn email marketing and campaign strategies.,2/22/2025
157,713,491,Interested in building emotional intelligence for workplace success.,08-04-2024
158,549,850,Eager to learn email marketing and campaign strategies.,4/29/2024
159,866,547,Interested in building emotional intelligence for workplace success.,9/17/2025
160,323,845,Seeking knowledge in social media marketing.,11/25/2023
161,787,948,Interested in data science for healthcare.,11-05-2023
162,954,592,Interested in data science for healthcare.,12-11-2025
163,346,309,I want to enhance my skills in cloud computing.,4/13/2023
164,695,176,Aiming to learn full-stack development.,2/16/2023
165,531,573,Looking to refine my content marketing skills.,10-07-2024
166,852,351,Looking to refine my content marketing skills.,10-01-2025
167,189,874,Looking to refine my content marketing skills.,8/19/2025
168,470,984,Seeking skills in conflict resolution and negotiation.,5/28/2025
169,269,277,Seeking skills in conflict resolution and negotiation.,7/17/2025
170,184,902,I would like to improve my time management and productivity.,02-03-2025
171,202,575,Looking to understand web development fundamentals.,06-03-2024
172,681,132,Aiming to learn effective presentation techniques.,4/29/2024
173,339,460,Wanting to develop better teamwork and collaboration skills.,02-04-2025
174,139,806,I wish to dive deeper into cybersecurity.,5/16/2025
175,468,956,Aspiring to improve my project management skills.,04-12-2024
176,954,659,Looking to refine my content marketing skills.,02-09-2025
177,652,594,Aspiring to improve my project management skills.,04-02-2025
178,181,241,I would like to improve my time management and productivity.,2/15/2025
179,460,787,I wish to learn about AI and machine learning.,7/18/2024
180,496,949,Interested in mastering SEO and SEM techniques.,7/24/2024
181,558,896,Interested in building emotional intelligence for workplace success.,12/15/2023
182,56,465,Seeking skills in conflict resolution and negotiation.,1/24/2025
183,552,881,I want to enhance my communication and leadership skills.,03-05-2025
184,441,535,I want to improve my digital marketing strategies.,3/18/2024
185,2,23,Aiming to learn effective presentation techniques.,10/31/2023
186,9,783,Wanting to develop better teamwork and collaboration skills.,5/28/2024
187,66,937,I want to improve my digital marketing strategies.,04-10-2025
188,880,633,Eager to learn email marketing and campaign strategies.,7/13/2023
189,232,725,I wish to dive deeper into cybersecurity.,7/17/2023
190,773,502,I would love to learn advanced Python programming.,1/17/2024
191,358,986,I need to enhance my business analysis skills.,03-11-2025
192,870,931,I wish to dive deeper into cybersecurity.,11-09-2025
193,36,129,Aiming to learn full-stack development.,11-04-2023
194,540,807,Looking to refine my content marketing skills.,07-01-2025
195,199,304,Interested in mastering SEO and SEM techniques.,02-04-2024
196,580,175,I wish to dive deeper into cybersecurity.,05-05-2025
197,199,944,Looking to refine my content marketing skills.,9/25/2023
198,273,899,Interested in building emotional intelligence for workplace success.,02-10-2024
199,453,887,I would like to improve my time management and productivity.,7/17/2024
200,437,742,I want to improve my digital marketing strategies.,7/17/2024
201,856,257,Looking to refine my content marketing skills.,1/25/2025
202,776,993,Wanting to develop better teamwork and collaboration skills.,06-06-2023
203,147,946,I would like to improve my time management and productivity.,04-11-2024
204,934,514,Eager to learn email marketing and campaign strategies.,09-12-2025
205,312,281,Seeking skills in conflict resolution and negotiation.,3/17/2023
206,990,105,Seeking skills in conflict resolution and negotiation.,11/16/2023
207,609,853,Seeking skills in conflict resolution and negotiation.,07-09-2025
208,911,304,Aiming to learn full-stack development.,08-12-2025
209,254,324,Wanting to develop better teamwork and collaboration skills.,1/24/2023
210,822,552,I wish to learn about AI and machine learning.,9/14/2023
211,114,805,Interested in building emotional intelligence for workplace success.,7/25/2023
212,902,376,I would like to improve my time management and productivity.,3/29/2024
213,933,116,Aspiring to improve my project management skills.,8/16/2025
214,401,963,I want to improve my digital marketing strategies.,03-05-2024
215,979,56,Interested in data science for healthcare.,11/24/2025
216,130,128,Interested in mastering SEO and SEM techniques.,05-07-2023
217,650,179,I would love to learn advanced Python programming.,08-06-2024
218,684,630,Interested in building emotional intelligence for workplace success.,7/23/2025
219,708,468,Aiming to learn full-stack development.,05-06-2024
220,16,769,Seeking knowledge in social media marketing.,10/25/2025
221,522,81,Interested in data science for healthcare.,03-02-2025
222,960,44,Aiming to learn effective presentation techniques.,10-02-2023
223,511,976,Interested in data science for healthcare.,10/13/2024
224,687,530,I want to enhance my skills in cloud computing.,03-09-2023
225,982,339,I want to improve my digital marketing strategies.,01-07-2024
226,762,811,Eager to learn email marketing and campaign strategies.,2/14/2023
227,103,308,I would like to improve my time management and productivity.,08-05-2023
228,16,404,I want to improve my digital marketing strategies.,06-01-2023
229,918,67,I wish to dive deeper into cybersecurity.,1/17/2023
230,513,249,Interested in building emotional intelligence for workplace success.,3/14/2025
231,669,915,Aspiring to improve my project management skills.,03-01-2023
232,375,765,I would love to learn advanced Python programming.,8/28/2023
233,771,778,Looking to refine my content marketing skills.,11/28/2024
234,160,497,Aiming to learn full-stack development.,11/22/2025
235,629,927,I would love to learn advanced Python programming.,4/14/2024
236,226,14,I would like to improve my time management and productivity.,5/29/2023
237,469,437,I would like to improve my time management and productivity.,2/15/2024
238,41,853,Seeking skills in conflict resolution and negotiation.,07-07-2023
239,463,115,I want to enhance my communication and leadership skills.,3/31/2025
240,60,839,Aspiring to improve my project management skills.,12-11-2023
241,877,498,I want to improve my digital marketing strategies.,12-09-2025
242,640,673,I need to enhance my business analysis skills.,1/23/2025
243,337,266,Wanting to develop better teamwork and collaboration skills.,12-08-2025
244,14,869,Interested in mastering SEO and SEM techniques.,06-12-2024
245,503,920,I want to enhance my communication and leadership skills.,03-09-2024
246,767,721,I would love to learn advanced Python programming.,6/24/2023
247,754,125,Wanting to develop better teamwork and collaboration skills.,02-03-2025
248,239,728,Aiming to learn effective presentation techniques.,09-11-2025
249,759,355,I want to enhance my skills in cloud computing.,6/26/2023
250,211,444,Eager to learn email marketing and campaign strategies.,11/27/2025
251,584,676,Seeking knowledge in social media marketing.,1/31/2023
252,900,760,I would like to improve my time management and productivity.,09-07-2023
253,457,50,I need to enhance my business analysis skills.,7/14/2025
254,735,337,I wish to learn about AI and machine learning.,11-09-2024
255,435,899,I want to enhance my skills in cloud computing.,09-06-2024
256,596,219,I wish to learn about AI and machine learning.,10/18/2023
257,793,136,Aiming to learn effective presentation techniques.,12-07-2025
258,126,283,Interested in building emotional intelligence for workplace success.,7/15/2025
259,644,1000,I need to enhance my business analysis skills.,1/28/2024
260,268,37,Seeking knowledge in social media marketing.,5/29/2024
261,271,678,I need to enhance my business analysis skills.,6/29/2023
262,203,737,I want to improve my digital marketing strategies.,07-02-2024
263,311,327,Aiming to learn full-stack development.,04-08-2024
264,378,182,I would like to improve my time management and productivity.,7/25/2024
265,11,23,I wish to dive deeper into cybersecurity.,01-06-2023
266,321,104,I would like to improve my time management and productivity.,5/20/2023
267,76,461,Aspiring to improve my project management skills.,07-05-2024
268,826,90,Looking to understand web development fundamentals.,12-01-2025
269,802,557,Aiming to learn effective presentation techniques.,2/16/2024
270,942,847,I want to enhance my communication and leadership skills.,9/26/2023
271,571,50,Interested in data science for healthcare.,8/20/2025
272,871,94,Wanting to develop better teamwork and collaboration skills.,3/31/2024
273,43,593,I would like to improve my time management and productivity.,08-01-2025
274,349,485,Looking to refine my content marketing skills.,10/18/2025
275,818,401,Interested in building emotional intelligence for workplace success.,12/24/2023
276,8,72,I would like to improve my time management and productivity.,7/27/2024
277,570,435,Interested in building emotional intelligence for workplace success.,08-07-2025
278,15,631,Aiming to learn full-stack development.,06-08-2025
279,577,761,Wanting to develop better teamwork and collaboration skills.,11/24/2024
280,947,80,Aiming to learn full-stack development.,05-02-2024
281,799,794,Aspiring to improve my project management skills.,5/29/2023
282,62,440,I would love to learn advanced Python programming.,01-04-2025
283,531,684,Looking to understand web development fundamentals.,10/21/2024
284,843,909,Aspiring to improve my project management skills.,11/24/2024
285,231,120,I want to enhance my skills in cloud computing.,1/15/2024
286,861,49,Looking to refine my content marketing skills.,4/29/2025
287,434,737,Looking to understand web development fundamentals.,5/14/2023
288,964,687,Seeking knowledge in social media marketing.,8/29/2025
289,974,393,Seeking knowledge in social media marketing.,8/29/2023
290,474,514,Seeking knowledge in social media marketing.,04-02-2024
291,502,482,I want to enhance my skills in cloud computing.,06-03-2024
292,965,709,I would like to improve my time management and productivity.,06-10-2024
293,989,508,Aiming to learn effective presentation techniques.,12-07-2023
294,181,638,Interested in mastering SEO and SEM techniques.,1/30/2025
295,945,461,Looking to understand web development fundamentals.,11/19/2025
296,197,452,I would like to improve my time management and productivity.,11-03-2025
297,535,38,I would love to learn advanced Python programming.,6/21/2025
298,262,376,I need to enhance my business analysis skills.,07-10-2023
299,272,774,Interested in mastering SEO and SEM techniques.,8/29/2024
300,714,536,I want to enhance my communication and leadership skills.,01-12-2025
301,99,791,I need to enhance my business analysis skills.,04-08-2024
302,406,426,Interested in building emotional intelligence for workplace success.,1/31/2023
303,495,243,I need to enhance my business analysis skills.,10/26/2023
304,418,117,Aspiring to improve my project management skills.,8/13/2025
305,488,981,I need to enhance my business analysis skills.,6/16/2024
306,901,705,I want to enhance my communication and leadership skills.,5/30/2024
307,448,851,I need to enhance my business analysis skills.,6/18/2024
308,658,548,Interested in building emotional intelligence for workplace success.,4/20/2023
309,490,165,I would like to improve my time management and productivity.,3/28/2023
310,194,675,I would love to learn advanced Python programming.,11/21/2025
311,746,898,Interested in data science for healthcare.,11/24/2023
312,629,514,I wish to learn about AI and machine learning.,9/18/2023
313,871,7,Interested in building emotional intelligence for workplace success.,8/17/2023
314,849,932,I want to improve my digital marketing strategies.,01-09-2023
315,9,126,Seeking knowledge in social media marketing.,09-06-2023
316,492,595,I want to enhance my skills in cloud computing.,9/15/2023
317,743,924,Eager to learn email marketing and campaign strategies.,9/19/2024
318,606,548,I wish to learn about AI and machine learning.,4/29/2024
319,698,123,Interested in mastering SEO and SEM techniques.,5/22/2024
320,375,983,Wanting to develop better teamwork and collaboration skills.,09-03-2025
321,277,750,I wish to learn about AI and machine learning.,10/13/2023
322,41,311,Aiming to learn full-stack development.,09-11-2023
323,342,685,Eager to learn email marketing and campaign strategies.,08-02-2024
324,449,908,Interested in building emotional intelligence for workplace success.,02-09-2024
325,238,472,I wish to learn about AI and machine learning.,03-02-2024
326,980,272,Aspiring to improve my project management skills.,12-02-2024
327,604,815,Interested in data science for healthcare.,12-04-2025
328,605,108,Aiming to learn full-stack development.,11-02-2024
329,345,964,I would like to improve my time management and productivity.,10/31/2023
330,11,257,Seeking skills in conflict resolution and negotiation.,11-01-2025
331,897,159,Aiming to learn effective presentation techniques.,12/20/2023
332,827,431,I wish to learn about AI and machine learning.,3/28/2024
333,85,773,Seeking skills in conflict resolution and negotiation.,5/20/2025
334,110,349,Aiming to learn effective presentation techniques.,11/29/2025
335,674,505,Looking to understand web development fundamentals.,5/19/2024
336,242,95,Interested in mastering SEO and SEM techniques.,9/29/2024
337,702,805,Looking to refine my content marketing skills.,11/15/2023
338,208,386,Interested in data science for healthcare.,7/27/2024
339,52,888,I would love to learn advanced Python programming.,7/30/2025
340,208,231,Interested in building emotional intelligence for workplace success.,10-09-2024
341,296,213,I need to enhance my business analysis skills.,6/15/2023
342,872,68,I wish to learn about AI and machine learning.,1/18/2024
343,139,36,I want to enhance my communication and leadership skills.,03-10-2025
344,294,247,Looking to understand web development fundamentals.,04-05-2024
345,813,291,Wanting to develop better teamwork and collaboration skills.,10-02-2024
346,626,735,Interested in building emotional intelligence for workplace success.,1/17/2023
347,506,84,Interested in data science for healthcare.,2/15/2025
348,534,430,Looking to understand web development fundamentals.,09-03-2023
349,166,458,Seeking skills in conflict resolution and negotiation.,11-02-2024
350,666,885,Wanting to develop better teamwork and collaboration skills.,7/28/2023
351,989,541,I need to enhance my business analysis skills.,12-03-2025
352,601,971,I need to enhance my business analysis skills.,8/20/2024
353,893,894,I need to enhance my business analysis skills.,06-01-2025
354,431,39,Looking to understand web development fundamentals.,11-02-2023
355,830,897,Wanting to develop better teamwork and collaboration skills.,10-05-2023
356,520,991,Interested in data science for healthcare.,6/22/2023
357,570,982,Aspiring to improve my project management skills.,12-08-2024
358,155,493,Aspiring to improve my project management skills.,8/31/2024
359,498,121,I would like to improve my time management and productivity.,02-11-2024
360,233,468,I would love to learn advanced Python programming.,4/29/2025
361,929,560,I would love to learn advanced Python programming.,10/25/2023
362,61,586,Interested in mastering SEO and SEM techniques.,4/14/2024
363,32,673,I need to enhance my business analysis skills.,8/14/2023
364,316,610,I wish to learn about AI and machine learning.,7/28/2025
365,938,266,Aiming to learn effective presentation techniques.,11/13/2025
366,211,503,I would love to learn advanced Python programming.,08-03-2023
367,51,936,Aiming to learn full-stack development.,8/24/2024
368,550,974,I want to enhance my skills in cloud computing.,09-03-2024
369,494,206,I wish to learn about AI and machine learning.,11/17/2025
370,704,756,I want to improve my digital marketing strategies.,2/24/2025
371,327,775,Interested in building emotional intelligence for workplace success.,12/27/2025
372,735,862,I need to enhance my business analysis skills.,07-12-2025
373,372,92,I would love to learn advanced Python programming.,2/17/2024
374,652,364,Seeking knowledge in social media marketing.,10-09-2025
375,195,406,I want to enhance my communication and leadership skills.,01-06-2025
376,20,726,I want to enhance my communication and leadership skills.,7/18/2025
377,696,544,Looking to refine my content marketing skills.,12-01-2025
378,597,901,I want to enhance my communication and leadership skills.,10/28/2024
379,617,693,Aiming to learn full-stack development.,09-04-2025
380,861,724,I wish to learn about AI and machine learning.,4/28/2023
381,857,778,Aiming to learn full-stack development.,2/13/2025
382,617,996,Interested in building emotional intelligence for workplace success.,12-11-2024
383,828,562,Interested in building emotional intelligence for workplace success.,10/31/2024
384,211,229,I wish to dive deeper into cybersecurity.,07-04-2025
385,946,481,Seeking skills in conflict resolution and negotiation.,12-02-2025
386,415,698,I want to enhance my skills in cloud computing.,4/17/2023
387,962,851,Seeking skills in conflict resolution and negotiation.,12/28/2024
388,65,920,I want to improve my digital marketing strategies.,04-01-2025
389,667,626,Aiming to learn full-stack development.,8/28/2025
390,640,224,I wish to learn about AI and machine learning.,04-07-2024
391,891,427,I want to enhance my communication and leadership skills.,12/18/2023
392,299,795,Interested in building emotional intelligence for workplace success.,03-03-2024
393,382,880,I want to improve my digital marketing strategies.,6/29/2025
394,871,416,Interested in mastering SEO and SEM techniques.,1/23/2023
395,487,126,Aiming to learn full-stack development.,9/20/2023
396,706,109,Interested in mastering SEO and SEM techniques.,11/17/2023
397,519,438,I need to enhance my business analysis skills.,6/16/2023
398,965,629,I need to enhance my business analysis skills.,10/30/2024
399,843,284,Interested in data science for healthcare.,04-10-2025
400,890,70,Looking to understand web development fundamentals.,9/17/2024
401,564,204,Aiming to learn effective presentation techniques.,2/29/2024
402,645,460,I would like to improve my time management and productivity.,3/17/2023
403,764,770,Looking to understand web development fundamentals.,11-04-2024
404,128,927,I want to enhance my skills in cloud computing.,8/28/2024
405,302,833,Seeking skills in conflict resolution and negotiation.,04-07-2023
406,512,638,Aspiring to improve my project management skills.,8/24/2024
407,260,875,Seeking knowledge in social media marketing.,01-01-2023
408,161,700,I wish to learn about AI and machine learning.,07-01-2025
409,829,112,I want to improve my digital marketing strategies.,09-11-2023
410,817,379,Seeking knowledge in social media marketing.,09-11-2025
411,403,29,Eager to learn email marketing and campaign strategies.,02-12-2023
412,96,847,Wanting to develop better teamwork and collaboration skills.,3/27/2025
413,220,700,I need to enhance my business analysis skills.,1/26/2024
414,719,836,Looking to refine my content marketing skills.,6/24/2023
415,278,261,Seeking skills in conflict resolution and negotiation.,3/31/2024
416,251,193,I want to enhance my communication and leadership skills.,04-01-2023
417,356,867,Interested in data science for healthcare.,3/16/2023
418,218,601,Aiming to learn effective presentation techniques.,05-05-2025
419,341,310,Aiming to learn effective presentation techniques.,10/21/2024
420,988,118,I wish to learn about AI and machine learning.,11/20/2024
421,116,644,I want to enhance my communication and leadership skills.,10/14/2024
422,621,903,I want to enhance my skills in cloud computing.,6/30/2025
423,580,622,Aiming to learn effective presentation techniques.,5/29/2025
424,516,682,I wish to dive deeper into cybersecurity.,6/15/2024
425,298,897,Aiming to learn effective presentation techniques.,4/26/2025
426,714,715,I wish to learn about AI and machine learning.,10/24/2024
427,402,396,I wish to dive deeper into cybersecurity.,2/13/2025
428,164,665,I want to improve my digital marketing strategies.,11/29/2023
429,711,138,Interested in data science for healthcare.,7/16/2024
430,812,909,Interested in data science for healthcare.,03-04-2023
431,644,213,I would like to improve my time management and productivity.,2/25/2025
432,446,349,Seeking knowledge in social media marketing.,2/20/2023
433,601,179,Aspiring to improve my project management skills.,01-08-2025
434,883,336,Interested in mastering SEO and SEM techniques.,5/24/2025
435,381,335,Eager to learn email marketing and campaign strategies.,03-07-2023
436,186,442,I need to enhance my business analysis skills.,05-10-2025
437,76,119,Looking to understand web development fundamentals.,10-09-2024
438,790,227,Eager to learn email marketing and campaign strategies.,1/29/2025
439,453,464,Eager to learn email marketing and campaign strategies.,5/13/2024
440,669,932,Looking to understand web development fundamentals.,5/27/2024
441,108,424,Looking to refine my content marketing skills.,10/24/2024
442,962,126,I want to enhance my skills in cloud computing.,03-04-2023
443,667,348,I want to improve my digital marketing strategies.,7/16/2025
444,382,549,Seeking knowledge in social media marketing.,06-05-2024
445,627,489,I want to improve my digital marketing strategies.,4/17/2025
446,496,931,I need to enhance my business analysis skills.,3/22/2023
447,940,946,I wish to learn about AI and machine learning.,4/13/2024
448,840,539,Looking to understand web development fundamentals.,12-11-2023
449,695,592,I would like to improve my time management and productivity.,6/13/2023
450,630,189,I wish to dive deeper into cybersecurity.,12/21/2024
451,194,223,Eager to learn email marketing and campaign strategies.,10/27/2023
452,131,917,Looking to refine my content marketing skills.,12/26/2025
453,457,89,Aspiring to improve my project management skills.,12-04-2024
454,172,146,Aspiring to improve my project management skills.,5/26/2023
455,2,217,Wanting to develop better teamwork and collaboration skills.,10-11-2025
456,528,548,Seeking knowledge in social media marketing.,6/17/2025
457,445,555,Aiming to learn effective presentation techniques.,5/30/2023
458,362,802,Eager to learn email marketing and campaign strategies.,2/24/2025
459,617,806,Interested in data science for healthcare.,10/17/2025
460,746,487,I want to improve my digital marketing strategies.,3/16/2024
461,597,615,I need to enhance my business analysis skills.,02-09-2025
462,785,52,Interested in building emotional intelligence for workplace success.,4/20/2025
463,304,396,Aiming to learn full-stack development.,01-12-2024
464,532,44,I wish to dive deeper into cybersecurity.,5/24/2023
465,447,336,Looking to refine my content marketing skills.,6/16/2025
466,387,207,Seeking skills in conflict resolution and negotiation.,5/17/2025
467,381,929,Aiming to learn full-stack development.,8/24/2025
468,232,855,I would love to learn advanced Python programming.,8/14/2023
469,467,607,Seeking skills in conflict resolution and negotiation.,9/30/2025
470,1000,254,I want to enhance my communication and leadership skills.,1/21/2023
471,746,712,I want to improve my digital marketing strategies.,3/30/2024
472,344,424,Aiming to learn full-stack development.,05-02-2025
473,665,463,I want to improve my digital marketing strategies.,01-03-2024
474,185,796,Aiming to learn full-stack development.,11/27/2025
475,132,268,Seeking knowledge in social media marketing.,12/15/2024
476,599,445,I want to improve my digital marketing strategies.,9/18/2025
477,201,973,Aspiring to improve my project management skills.,2/13/2025
478,648,452,I want to improve my digital marketing strategies.,8/31/2023
479,190,973,Aiming to learn full-stack development.,8/24/2023
480,504,969,Looking to understand web development fundamentals.,12/24/2025
481,996,400,I wish to learn about AI and machine learning.,3/14/2023
482,860,104,Wanting to develop better teamwork and collaboration skills.,10/29/2023
483,165,379,Interested in mastering SEO and SEM techniques.,4/30/2023
484,820,306,I wish to dive deeper into cybersecurity.,12/21/2024
485,49,60,Wanting to develop better teamwork and collaboration skills.,03-11-2024
486,25,229,Aiming to learn full-stack development.,02-07-2023
487,180,797,Interested in data science for healthcare.,9/15/2023
488,998,775,I would love to learn advanced Python programming.,7/22/2025
489,950,736,I would love to learn advanced Python programming.,5/30/2023
490,260,52,Wanting to develop better teamwork and collaboration skills.,7/24/2023
491,263,901,Seeking knowledge in social media marketing.,01-11-2025
492,152,161,I want to improve my digital marketing strategies.,11/20/2025
493,128,979,Seeking knowledge in social media marketing.,11-05-2024
494,297,514,I need to enhance my business analysis skills.,6/29/2024
495,588,572,I want to improve my digital marketing strategies.,9/26/2023
496,261,534,I wish to dive deeper into cybersecurity.,11/16/2023
497,293,938,I would love to learn advanced Python programming.,12/27/2025
498,735,427,I would like to improve my time management and productivity.,11-11-2024
499,559,223,I wish to learn about AI and machine learning.,2/21/2023
500,650,641,Interested in mastering SEO and SEM techniques.,10-05-2024
501,984,267,I would love to learn advanced Python programming.,05-09-2025
502,786,544,Looking to understand web development fundamentals.,9/13/2024
503,741,667,I want to enhance my skills in cloud computing.,3/20/2023
504,416,981,I want to enhance my skills in cloud computing.,01-11-2023
505,530,536,Interested in building emotional intelligence for workplace success.,4/14/2023
506,136,110,I wish to dive deeper into cybersecurity.,1/16/2025
507,201,579,I want to improve my digital marketing strategies.,06-05-2024
508,973,128,Wanting to develop better teamwork and collaboration skills.,05-07-2023
509,674,758,Looking to understand web development fundamentals.,1/13/2024
510,531,477,Seeking knowledge in social media marketing.,12/21/2025
511,644,441,Looking to understand web development fundamentals.,5/24/2023
512,915,911,I wish to learn about AI and machine learning.,12/16/2024
513,168,68,I want to enhance my skills in cloud computing.,01-07-2023
514,277,976,I need to enhance my business analysis skills.,06-04-2023
515,352,595,Interested in data science for healthcare.,12-10-2023
516,718,63,Looking to refine my content marketing skills.,1/19/2025
517,149,28,Aiming to learn effective presentation techniques.,4/16/2025
518,143,678,Eager to learn email marketing and campaign strategies.,2/26/2024
519,927,523,I need to enhance my business analysis skills.,3/25/2024
520,311,438,Seeking skills in conflict resolution and negotiation.,3/19/2023
521,510,314,I want to improve my digital marketing strategies.,11/14/2025
522,976,920,Aiming to learn full-stack development.,6/17/2023
523,761,607,Aiming to learn effective presentation techniques.,9/23/2025
524,553,583,I wish to dive deeper into cybersecurity.,3/23/2024
525,973,296,Wanting to develop better teamwork and collaboration skills.,8/31/2023
526,280,343,I want to enhance my communication and leadership skills.,02-08-2024
527,16,40,I would like to improve my time management and productivity.,7/29/2023
528,601,653,Interested in mastering SEO and SEM techniques.,8/16/2025
529,245,829,Eager to learn email marketing and campaign strategies.,11/22/2024
530,434,830,Looking to understand web development fundamentals.,04-07-2025
531,73,769,Aspiring to improve my project management skills.,4/25/2023
532,970,249,I wish to learn about AI and machine learning.,06-05-2025
533,509,790,I want to improve my digital marketing strategies.,04-05-2023
534,518,158,Interested in mastering SEO and SEM techniques.,09-01-2023
535,758,360,I would like to improve my time management and productivity.,2/22/2024
536,588,568,Seeking skills in conflict resolution and negotiation.,5/25/2025
537,576,798,Interested in mastering SEO and SEM techniques.,4/24/2023
538,648,944,Seeking skills in conflict resolution and negotiation.,01-06-2025
539,73,702,Wanting to develop better teamwork and collaboration skills.,4/27/2024
540,507,794,I want to enhance my skills in cloud computing.,6/24/2024
541,417,192,Interested in building emotional intelligence for workplace success.,12-10-2023
542,822,791,I want to enhance my skills in cloud computing.,01-12-2024
543,615,622,Looking to refine my content marketing skills.,9/26/2023
544,325,695,Aiming to learn effective presentation techniques.,5/21/2024
545,28,155,I want to improve my digital marketing strategies.,8/27/2023
546,971,184,I wish to learn about AI and machine learning.,05-01-2024
547,705,474,Interested in mastering SEO and SEM techniques.,11-09-2023
548,802,497,Seeking skills in conflict resolution and negotiation.,5/13/2023
549,235,739,Eager to learn email marketing and campaign strategies.,11-08-2023
550,553,537,I would love to learn advanced Python programming.,2/16/2024
551,190,162,Interested in data science for healthcare.,04-01-2023
552,49,633,I would love to learn advanced Python programming.,11/19/2024
553,229,955,Seeking skills in conflict resolution and negotiation.,12/19/2023
554,157,307,Interested in mastering SEO and SEM techniques.,6/29/2023
555,654,895,Seeking skills in conflict resolution and negotiation.,07-01-2025
556,69,846,Interested in mastering SEO and SEM techniques.,9/19/2023
557,625,211,Wanting to develop better teamwork and collaboration skills.,10/20/2025
558,917,822,I wish to learn about AI and machine learning.,3/14/2025
559,40,256,I need to enhance my business analysis skills.,05-08-2025
560,450,623,I want to enhance my skills in cloud computing.,05-12-2025
561,132,938,Interested in building emotional intelligence for workplace success.,2/21/2025
562,495,736,Seeking knowledge in social media marketing.,2/21/2023
563,225,122,Seeking skills in conflict resolution and negotiation.,02-03-2025
564,387,766,Interested in building emotional intelligence for workplace success.,8/28/2025
565,557,796,Interested in mastering SEO and SEM techniques.,10-06-2023
566,26,91,Looking to understand web development fundamentals.,10-02-2023
567,688,610,Aiming to learn full-stack development.,1/16/2025
568,780,13,Aiming to learn full-stack development.,11-03-2023
569,411,684,Aiming to learn effective presentation techniques.,6/21/2024
570,382,938,Looking to refine my content marketing skills.,05-11-2025
571,442,321,Seeking skills in conflict resolution and negotiation.,5/19/2025
572,709,952,Interested in data science for healthcare.,12/29/2023
573,729,591,I wish to learn about AI and machine learning.,2/22/2025
574,982,262,I would like to improve my time management and productivity.,03-09-2024
575,438,148,Interested in building emotional intelligence for workplace success.,1/27/2024
576,931,675,Aiming to learn full-stack development.,10/23/2024
577,753,229,I want to enhance my communication and leadership skills.,7/29/2025
578,971,314,I would like to improve my time management and productivity.,4/15/2024
579,305,878,I want to enhance my communication and leadership skills.,02-08-2025
580,808,809,I wish to learn about AI and machine learning.,05-01-2024
581,83,982,Interested in mastering SEO and SEM techniques.,04-08-2025
582,201,367,I want to enhance my skills in cloud computing.,02-12-2023
583,485,849,Seeking knowledge in social media marketing.,10/20/2023
584,549,994,Looking to understand web development fundamentals.,03-12-2023
585,467,885,Looking to refine my content marketing skills.,12/31/2024
586,441,687,Aiming to learn effective presentation techniques.,08-05-2024
587,330,765,Aspiring to improve my project management skills.,3/25/2023
588,603,198,I want to enhance my skills in cloud computing.,06-03-2025
589,679,872,Seeking knowledge in social media marketing.,11/27/2023
590,213,58,Looking to refine my content marketing skills.,10/17/2024
591,102,187,Interested in building emotional intelligence for workplace success.,11-05-2025
592,275,972,Looking to refine my content marketing skills.,5/24/2023
593,487,601,I would like to improve my time management and productivity.,1/19/2023
594,333,916,I wish to dive deeper into cybersecurity.,04-12-2024
595,46,223,Looking to understand web development fundamentals.,4/27/2024
596,940,473,I wish to learn about AI and machine learning.,02-08-2025
597,436,430,I want to enhance my skills in cloud computing.,10-08-2025
598,30,192,Interested in building emotional intelligence for workplace success.,2/25/2024
599,881,963,Interested in mastering SEO and SEM techniques.,10/19/2025
600,413,258,I want to improve my digital marketing strategies.,4/17/2025
601,850,569,Aiming to learn effective presentation techniques.,04-09-2025
602,76,980,I want to enhance my communication and leadership skills.,03-10-2023
603,754,953,I wish to learn about AI and machine learning.,12/13/2023
604,104,26,Eager to learn email marketing and campaign strategies.,6/25/2023
605,693,394,Looking to understand web development fundamentals.,4/15/2024
606,877,466,I wish to learn about AI and machine learning.,1/24/2025
607,670,32,Interested in building emotional intelligence for workplace success.,05-01-2023
608,30,225,Interested in mastering SEO and SEM techniques.,4/20/2024
609,252,316,I want to enhance my skills in cloud computing.,11-11-2023
610,235,294,Aiming to learn effective presentation techniques.,11/16/2023
611,700,156,Eager to learn email marketing and campaign strategies.,04-12-2023
612,940,804,Interested in data science for healthcare.,3/31/2024
613,769,13,Looking to understand web development fundamentals.,02-01-2024
614,743,408,Aiming to learn full-stack development.,4/15/2025
615,719,748,I need to enhance my business analysis skills.,03-03-2025
616,522,686,I would like to improve my time management and productivity.,10/21/2024
617,413,509,I would like to improve my time management and productivity.,11/30/2023
618,798,204,Seeking knowledge in social media marketing.,04-01-2023
619,224,99,Looking to refine my content marketing skills.,3/28/2023
620,636,727,I wish to dive deeper into cybersecurity.,05-02-2023
621,791,362,Looking to refine my content marketing skills.,2/20/2024
622,587,309,Seeking skills in conflict resolution and negotiation.,9/21/2024
623,744,199,I want to enhance my skills in cloud computing.,12/30/2023
624,890,218,Aiming to learn full-stack development.,11/23/2025
625,710,735,I wish to learn about AI and machine learning.,11-01-2025
626,504,693,Looking to refine my content marketing skills.,9/23/2025
627,757,295,Looking to understand web development fundamentals.,1/18/2024
628,256,750,Looking to understand web development fundamentals.,11/23/2025
629,440,780,Interested in building emotional intelligence for workplace success.,5/18/2024
630,398,273,I would like to improve my time management and productivity.,05-10-2024
631,160,224,Interested in data science for healthcare.,03-09-2025
632,235,865,I would love to learn advanced Python programming.,8/25/2024
633,597,313,Seeking skills in conflict resolution and negotiation.,2/18/2024
634,748,838,Aiming to learn effective presentation techniques.,8/23/2023
635,98,366,Aiming to learn effective presentation techniques.,2/26/2023
636,510,484,Interested in building emotional intelligence for workplace success.,01-11-2024
637,32,381,Looking to refine my content marketing skills.,7/17/2024
638,394,52,Eager to learn email marketing and campaign strategies.,12-08-2023
639,184,679,I would like to improve my time management and productivity.,7/31/2025
640,528,603,I would like to improve my time management and productivity.,3/29/2024
641,922,257,I would like to improve my time management and productivity.,2/20/2024
642,862,920,Seeking knowledge in social media marketing.,3/30/2025
643,79,407,I want to improve my digital marketing strategies.,4/25/2024
644,672,532,Seeking knowledge in social media marketing.,8/26/2023
645,948,39,Looking to understand web development fundamentals.,2/25/2024
646,689,151,Interested in mastering SEO and SEM techniques.,01-12-2025
647,698,472,Eager to learn email marketing and campaign strategies.,07-02-2024
648,411,146,Aspiring to improve my project management skills.,6/27/2025
649,17,707,I need to enhance my business analysis skills.,07-02-2023
650,998,630,Seeking skills in conflict resolution and negotiation.,08-05-2023
651,19,115,I wish to dive deeper into cybersecurity.,3/27/2024
652,290,84,I wish to dive deeper into cybersecurity.,5/14/2025
653,570,795,Seeking skills in conflict resolution and negotiation.,2/28/2024
654,890,826,Eager to learn email marketing and campaign strategies.,9/23/2023
655,63,669,Eager to learn email marketing and campaign strategies.,1/23/2025
656,466,821,I would love to learn advanced Python programming.,5/16/2023
657,136,18,I want to enhance my communication and leadership skills.,1/13/2023
658,694,825,Aiming to learn effective presentation techniques.,7/29/2023
659,625,965,Seeking skills in conflict resolution and negotiation.,08-11-2023
660,118,678,I want to enhance my skills in cloud computing.,02-06-2024
661,843,240,Interested in building emotional intelligence for workplace success.,07-06-2025
662,815,461,Interested in mastering SEO and SEM techniques.,12/13/2023
663,47,106,Looking to refine my content marketing skills.,6/14/2024
664,173,245,I want to enhance my communication and leadership skills.,08-12-2023
665,37,71,Aiming to learn full-stack development.,10/31/2024
666,662,682,Aiming to learn full-stack development.,12/19/2024
667,324,130,Aiming to learn full-stack development.,11-08-2023
668,513,895,Eager to learn email marketing and campaign strategies.,03-03-2025
669,876,340,Seeking knowledge in social media marketing.,10/13/2023
670,844,942,I would love to learn advanced Python programming.,3/18/2023
671,905,718,Interested in mastering SEO and SEM techniques.,11-06-2025
672,504,19,Aiming to learn effective presentation techniques.,05-11-2025
673,530,756,I need to enhance my business analysis skills.,07-12-2024
674,123,296,Interested in building emotional intelligence for workplace success.,01-07-2025
675,722,72,Wanting to develop better teamwork and collaboration skills.,1/15/2025
676,803,651,I would love to learn advanced Python programming.,03-04-2025
677,420,575,I need to enhance my business analysis skills.,09-11-2023
678,638,285,I want to improve my digital marketing strategies.,12-01-2023
679,616,554,I would like to improve my time management and productivity.,10-12-2025
680,681,205,Aiming to learn effective presentation techniques.,12-11-2023
681,519,122,I want to improve my digital marketing strategies.,12/20/2023
682,290,605,Wanting to develop better teamwork and collaboration skills.,3/21/2025
683,174,528,I would like to improve my time management and productivity.,01-03-2024
684,827,613,Interested in data science for healthcare.,5/21/2025
685,883,401,Aspiring to improve my project management skills.,3/27/2024
686,246,296,Aiming to learn effective presentation techniques.,05-02-2025
687,382,960,I need to enhance my business analysis skills.,10/20/2024
688,511,446,Looking to understand web development fundamentals.,1/30/2023
689,951,423,Aiming to learn effective presentation techniques.,11/26/2025
690,161,834,I want to enhance my skills in cloud computing.,02-05-2025
691,731,2,Wanting to develop better teamwork and collaboration skills.,7/29/2025
692,407,55,I need to enhance my business analysis skills.,12-08-2023
693,989,553,Eager to learn email marketing and campaign strategies.,4/21/2024
694,545,232,Wanting to develop better teamwork and collaboration skills.,09-11-2023
695,39,338,I need to enhance my business analysis skills.,12/16/2023
696,867,930,Seeking knowledge in social media marketing.,2/28/2024
697,137,287,Wanting to develop better teamwork and collaboration skills.,3/19/2025
698,591,312,Aiming to learn effective presentation techniques.,8/27/2024
699,287,847,Aiming to learn effective presentation techniques.,6/19/2025
700,778,623,I wish to learn about AI and machine learning.,9/15/2023
701,622,778,I want to improve my digital marketing strategies.,12/18/2024
702,167,994,Looking to refine my content marketing skills.,10/19/2024
703,768,223,Aiming to learn effective presentation techniques.,08-05-2023
704,372,45,Aiming to learn full-stack development.,12-02-2025
705,762,354,Wanting to develop better teamwork and collaboration skills.,4/21/2025
706,602,24,I need to enhance my business analysis skills.,10/22/2025
707,472,144,I would love to learn advanced Python programming.,10/17/2024
708,881,890,Interested in data science for healthcare.,2/15/2025
709,782,529,I would love to learn advanced Python programming.,3/23/2025
710,965,834,Looking to understand web development fundamentals.,12/28/2024
711,779,844,Aspiring to improve my project management skills.,01-08-2024
712,396,201,I wish to dive deeper into cybersecurity.,3/24/2023
713,607,552,Interested in data science for healthcare.,04-05-2024
714,739,105,Eager to learn email marketing and campaign strategies.,2/18/2025
715,71,26,Looking to understand web development fundamentals.,7/21/2025
716,552,909,I wish to dive deeper into cybersecurity.,12/27/2025
717,267,326,I wish to dive deeper into cybersecurity.,6/20/2025
718,940,985,Looking to understand web development fundamentals.,6/25/2025
719,892,616,I want to enhance my communication and leadership skills.,1/31/2025
720,412,555,I want to enhance my skills in cloud computing.,03-02-2025
721,912,561,I wish to dive deeper into cybersecurity.,8/28/2025
722,831,175,I would like to improve my time management and productivity.,1/19/2024
723,504,64,I want to enhance my skills in cloud computing.,2/14/2023
724,561,302,Aiming to learn effective presentation techniques.,6/22/2024
725,320,445,Looking to understand web development fundamentals.,11/27/2023
726,868,644,Aiming to learn effective presentation techniques.,2/14/2023
727,834,514,Seeking knowledge in social media marketing.,3/14/2024
728,490,156,I want to enhance my skills in cloud computing.,6/27/2024
729,867,668,Seeking knowledge in social media marketing.,12/30/2024
730,629,841,Looking to refine my content marketing skills.,8/27/2025
731,199,239,Interested in data science for healthcare.,9/21/2024
732,882,66,Seeking knowledge in social media marketing.,3/15/2024
733,419,587,Interested in building emotional intelligence for workplace success.,04-05-2023
734,124,242,I would love to learn advanced Python programming.,11-03-2024
735,284,648,I want to enhance my communication and leadership skills.,12/13/2025
736,39,284,Wanting to develop better teamwork and collaboration skills.,4/15/2024
737,543,706,Interested in building emotional intelligence for workplace success.,3/24/2025
738,352,827,I need to enhance my business analysis skills.,1/17/2024
739,431,876,Looking to refine my content marketing skills.,09-05-2024
740,700,392,I want to improve my digital marketing strategies.,02-04-2024
741,844,82,Seeking skills in conflict resolution and negotiation.,02-11-2025
742,336,928,Interested in building emotional intelligence for workplace success.,04-02-2023
743,57,795,I would love to learn advanced Python programming.,09-01-2025
744,553,369,Aiming to learn effective presentation techniques.,09-08-2024
745,443,57,I would love to learn advanced Python programming.,10/21/2024
746,894,846,I would like to improve my time management and productivity.,06-11-2024
747,349,113,Aiming to learn full-stack development.,01-11-2023
748,239,763,I want to enhance my communication and leadership skills.,3/24/2023
749,653,545,I wish to learn about AI and machine learning.,10/22/2024
750,830,400,Eager to learn email marketing and campaign strategies.,11/21/2023
751,56,755,Eager to learn email marketing and campaign strategies.,1/20/2023
752,412,187,Seeking skills in conflict resolution and negotiation.,1/18/2025
753,93,74,I wish to learn about AI and machine learning.,2/14/2023
754,295,711,I wish to learn about AI and machine learning.,3/26/2023
755,104,289,Looking to refine my content marketing skills.,10/22/2025
756,332,78,Seeking skills in conflict resolution and negotiation.,9/28/2025
757,328,961,Eager to learn email marketing and campaign strategies.,9/22/2025
758,66,988,I want to enhance my communication and leadership skills.,3/21/2024
759,880,825,I want to enhance my skills in cloud computing.,11-08-2023
760,271,716,I want to enhance my communication and leadership skills.,8/17/2023
761,452,841,I need to enhance my business analysis skills.,5/23/2025
762,13,269,Seeking knowledge in social media marketing.,01-04-2024
763,368,813,Interested in building emotional intelligence for workplace success.,01-08-2024
764,152,560,Interested in building emotional intelligence for workplace success.,08-03-2025
765,143,230,Aiming to learn effective presentation techniques.,5/17/2024
766,642,461,I want to enhance my skills in cloud computing.,04-11-2024
767,714,496,I want to enhance my communication and leadership skills.,04-01-2025
768,953,888,Seeking skills in conflict resolution and negotiation.,10-12-2025
769,311,189,Looking to refine my content marketing skills.,09-03-2024
770,837,213,Looking to understand web development fundamentals.,10-04-2025
771,671,973,I want to enhance my communication and leadership skills.,4/13/2023
772,737,35,I need to enhance my business analysis skills.,2/27/2025
773,775,984,Aspiring to improve my project management skills.,6/29/2023
774,5,537,I need to enhance my business analysis skills.,5/28/2023
775,54,344,Eager to learn email marketing and campaign strategies.,10/23/2025
776,336,92,I need to enhance my business analysis skills.,2/19/2025
777,91,322,Eager to learn email marketing and campaign strategies.,09-06-2024
778,535,227,Aiming to learn full-stack development.,3/29/2023
779,116,436,I would love to learn advanced Python programming.,08-11-2025
780,105,556,I want to enhance my communication and leadership skills.,1/31/2023
781,305,996,I would like to improve my time management and productivity.,02-07-2024
782,420,391,Looking to understand web development fundamentals.,12/27/2024
783,674,558,Interested in mastering SEO and SEM techniques.,1/18/2023
784,135,326,I would like to improve my time management and productivity.,7/16/2023
785,701,505,Looking to understand web development fundamentals.,10/26/2024
786,676,589,Seeking knowledge in social media marketing.,1/23/2023
787,940,332,Seeking knowledge in social media marketing.,10/17/2025
788,555,274,I wish to learn about AI and machine learning.,5/14/2024
789,787,788,Aiming to learn effective presentation techniques.,12/30/2025
790,173,647,Interested in mastering SEO and SEM techniques.,2/26/2025
791,135,799,I would love to learn advanced Python programming.,03-02-2025
792,338,201,I wish to learn about AI and machine learning.,05-12-2025
793,193,803,Aiming to learn effective presentation techniques.,02-08-2025
794,869,769,I wish to learn about AI and machine learning.,9/28/2023
795,788,331,I wish to dive deeper into cybersecurity.,10/20/2025
796,539,686,I wish to learn about AI and machine learning.,5/13/2024
797,677,722,Wanting to develop better teamwork and collaboration skills.,8/27/2023
798,471,666,Aiming to learn full-stack development.,9/24/2025
799,858,977,Looking to refine my content marketing skills.,11/15/2024
800,948,207,I want to enhance my skills in cloud computing.,7/14/2023
801,355,278,I want to enhance my communication and leadership skills.,07-01-2025
802,45,33,Eager to learn email marketing and campaign strategies.,6/18/2024
803,585,811,Aiming to learn full-stack development.,4/18/2023
804,629,735,I want to enhance my communication and leadership skills.,11-10-2025
805,170,759,Aiming to learn full-stack development.,07-11-2025
806,677,960,Looking to understand web development fundamentals.,08-01-2023
807,825,631,Aiming to learn full-stack development.,7/25/2025
808,956,979,I would love to learn advanced Python programming.,03-04-2024
809,763,630,Seeking knowledge in social media marketing.,9/30/2023
810,323,435,I would like to improve my time management and productivity.,2/17/2023
811,185,193,Looking to refine my content marketing skills.,12/23/2025
812,47,84,Eager to learn email marketing and campaign strategies.,08-10-2024
813,144,839,Seeking skills in conflict resolution and negotiation.,04-06-2025
814,119,35,Interested in data science for healthcare.,5/27/2024
815,776,125,I would like to improve my time management and productivity.,11-04-2024
816,465,776,Seeking knowledge in social media marketing.,10/20/2024
817,232,463,I want to enhance my communication and leadership skills.,11-11-2025
818,826,632,Eager to learn email marketing and campaign strategies.,09-11-2023
819,916,153,Wanting to develop better teamwork and collaboration skills.,02-09-2024
820,659,279,Looking to refine my content marketing skills.,11/14/2024
821,176,812,Looking to refine my content marketing skills.,12/18/2024
822,759,696,I would love to learn advanced Python programming.,8/18/2025
823,901,141,Wanting to develop better teamwork and collaboration skills.,11-05-2025
824,457,405,I want to enhance my skills in cloud computing.,07-11-2023
825,288,991,Looking to understand web development fundamentals.,7/27/2024
826,8,57,Interested in data science for healthcare.,09-05-2023
827,333,172,I want to enhance my communication and leadership skills.,9/17/2023
828,179,351,Seeking skills in conflict resolution and negotiation.,9/16/2024
829,738,950,Interested in building emotional intelligence for workplace success.,5/18/2023
830,809,86,Aiming to learn effective presentation techniques.,11-06-2025
831,444,70,I wish to learn about AI and machine learning.,7/21/2024
832,346,909,I want to improve my digital marketing strategies.,4/16/2025
833,120,10,I want to improve my digital marketing strategies.,9/15/2023
834,652,517,Seeking knowledge in social media marketing.,08-07-2023
835,60,887,Aiming to learn full-stack development.,3/16/2023
836,720,703,Seeking skills in conflict resolution and negotiation.,10/25/2025
837,224,95,I need to enhance my business analysis skills.,1/20/2025
838,330,975,Looking to refine my content marketing skills.,12-06-2023
839,757,874,I want to enhance my skills in cloud computing.,9/16/2025
840,761,454,Looking to understand web development fundamentals.,6/28/2024
841,346,860,I want to enhance my skills in cloud computing.,8/29/2024
842,787,391,Interested in building emotional intelligence for workplace success.,6/29/2023
843,198,5,I would love to learn advanced Python programming.,6/16/2025
844,358,575,Seeking skills in conflict resolution and negotiation.,3/13/2024
845,683,947,Wanting to develop better teamwork and collaboration skills.,10-07-2025
846,379,481,Seeking skills in conflict resolution and negotiation.,2/20/2025
847,394,777,Wanting to develop better teamwork and collaboration skills.,01-02-2024
848,196,471,I want to enhance my communication and leadership skills.,3/30/2023
849,696,746,Wanting to develop better teamwork and collaboration skills.,6/25/2023
850,359,108,Aspiring to improve my project management skills.,2/13/2025
851,617,766,I wish to dive deeper into cybersecurity.,11-03-2023
852,42,259,Aiming to learn full-stack development.,01-11-2024
853,234,522,Seeking skills in conflict resolution and negotiation.,09-12-2024
854,854,827,Eager to learn email marketing and campaign strategies.,12-11-2023
855,449,797,Looking to understand web development fundamentals.,2/27/2024
856,306,373,Interested in mastering SEO and SEM techniques.,11/24/2025
857,511,475,Looking to refine my content marketing skills.,07-04-2024
858,134,111,I want to enhance my communication and leadership skills.,6/18/2024
859,579,440,Interested in mastering SEO and SEM techniques.,4/29/2025
860,927,65,I would love to learn advanced Python programming.,11/28/2023
861,952,141,I want to improve my digital marketing strategies.,11-07-2023
862,280,959,Seeking skills in conflict resolution and negotiation.,08-02-2025
863,20,425,Looking to understand web development fundamentals.,10-04-2025
864,253,969,I would like to improve my time management and productivity.,03-08-2023
865,257,751,Seeking skills in conflict resolution and negotiation.,5/24/2025
866,320,256,Interested in building emotional intelligence for workplace success.,5/16/2024
867,453,545,Aiming to learn full-stack development.,09-11-2025
868,842,304,I want to enhance my skills in cloud computing.,05-03-2024
869,595,80,Aiming to learn effective presentation techniques.,03-08-2024
870,446,112,I want to enhance my skills in cloud computing.,07-08-2023
871,370,24,Aiming to learn effective presentation techniques.,10-04-2024
872,250,483,Wanting to develop better teamwork and collaboration skills.,7/22/2023
873,541,401,I would like to improve my time management and productivity.,8/16/2023
874,811,161,Interested in data science for healthcare.,12-04-2023
875,702,775,Interested in data science for healthcare.,4/23/2025
876,311,886,Looking to understand web development fundamentals.,08-06-2025
877,203,279,Seeking knowledge in social media marketing.,12/31/2024
878,619,605,I wish to learn about AI and machine learning.,5/25/2024
879,88,57,Wanting to develop better teamwork and collaboration skills.,12-08-2025
880,824,546,I wish to dive deeper into cybersecurity.,01-09-2023
881,234,683,Looking to refine my content marketing skills.,10/14/2025
882,73,528,Looking to refine my content marketing skills.,6/26/2024
883,577,364,I need to enhance my business analysis skills.,4/14/2024
884,306,23,Eager to learn email marketing and campaign strategies.,4/22/2025
885,960,847,Interested in mastering SEO and SEM techniques.,11/22/2025
886,304,403,Seeking knowledge in social media marketing.,12/18/2023
887,269,612,Aspiring to improve my project management skills.,12/29/2024
888,202,6,I need to enhance my business analysis skills.,1/16/2023
889,255,814,Wanting to develop better teamwork and collaboration skills.,9/21/2023
890,286,700,Interested in mastering SEO and SEM techniques.,09-11-2024
891,775,336,Wanting to develop better teamwork and collaboration skills.,09-12-2025
892,860,814,I wish to dive deeper into cybersecurity.,4/14/2025
893,201,757,Interested in mastering SEO and SEM techniques.,3/29/2025
894,548,407,I want to enhance my communication and leadership skills.,2/28/2025
895,15,532,Interested in data science for healthcare.,03-02-2024
896,79,855,Looking to understand web development fundamentals.,12-05-2025
897,930,557,I wish to dive deeper into cybersecurity.,3/13/2025
898,439,887,Eager to learn email marketing and campaign strategies.,8/24/2024
899,919,556,I want to enhance my skills in cloud computing.,09-12-2024
900,549,692,Looking to refine my content marketing skills.,03-11-2023
901,200,813,Aiming to learn full-stack development.,4/13/2023
902,963,679,Seeking skills in conflict resolution and negotiation.,4/29/2024
903,78,714,Interested in data science for healthcare.,7/20/2024
904,698,324,Aiming to learn full-stack development.,4/17/2023
905,438,237,Eager to learn email marketing and campaign strategies.,3/19/2023
906,317,368,I would love to learn advanced Python programming.,05-07-2024
907,914,73,Aiming to learn full-stack development.,01-07-2023
908,319,375,Aspiring to improve my project management skills.,10-07-2025
909,711,620,Interested in data science for healthcare.,6/17/2024
910,621,743,Interested in building emotional intelligence for workplace success.,7/28/2024
911,528,542,I want to improve my digital marketing strategies.,8/18/2024
912,907,740,Looking to refine my content marketing skills.,01-08-2025
913,238,788,Eager to learn email marketing and campaign strategies.,12/18/2025
914,483,899,Looking to understand web development fundamentals.,6/30/2025
915,388,474,I need to enhance my business analysis skills.,4/27/2023
916,575,718,Aiming to learn effective presentation techniques.,10-03-2025
917,642,938,Aspiring to improve my project management skills.,8/19/2023
918,296,809,I want to enhance my communication and leadership skills.,03-10-2025
919,425,585,Interested in mastering SEO and SEM techniques.,8/30/2025
920,306,462,I wish to learn about AI and machine learning.,11/20/2023
921,533,676,I want to enhance my skills in cloud computing.,01-01-2025
922,440,810,Aiming to learn effective presentation techniques.,9/28/2023
923,650,587,Looking to understand web development fundamentals.,4/16/2023
924,231,77,I would like to improve my time management and productivity.,12-06-2023
925,801,53,I want to enhance my skills in cloud computing.,12/21/2023
926,511,232,I want to improve my digital marketing strategies.,7/29/2025
927,626,929,I want to enhance my communication and leadership skills.,08-07-2024
928,770,548,I want to enhance my communication and leadership skills.,12-11-2023
929,604,452,Interested in building emotional intelligence for workplace success.,6/26/2024
930,229,849,I need to enhance my business analysis skills.,9/27/2023
931,965,789,Seeking knowledge in social media marketing.,9/21/2024
932,691,515,Wanting to develop better teamwork and collaboration skills.,12/15/2025
933,155,353,I want to enhance my skills in cloud computing.,11-10-2025
934,343,45,Wanting to develop better teamwork and collaboration skills.,09-04-2024
935,1,534,Aiming to learn effective presentation techniques.,02-05-2024
936,387,957,I want to enhance my communication and leadership skills.,9/28/2025
937,373,474,Wanting to develop better teamwork and collaboration skills.,04-01-2025
938,328,355,I want to enhance my communication and leadership skills.,4/14/2025
939,683,952,Interested in mastering SEO and SEM techniques.,03-05-2024
940,634,906,Aiming to learn full-stack development.,01-12-2024
941,307,13,I need to enhance my business analysis skills.,5/21/2025
942,213,337,I would like to improve my time management and productivity.,10-03-2024
943,700,439,Aiming to learn effective presentation techniques.,6/23/2023
944,300,827,I want to enhance my skills in cloud computing.,10/18/2025
945,710,995,I need to enhance my business analysis skills.,01-01-2025
946,104,290,I want to improve my digital marketing strategies.,7/26/2024
947,501,875,Aiming to learn effective presentation techniques.,1/19/2024
948,989,205,Aiming to learn effective presentation techniques.,12-09-2023
949,607,13,I would like to improve my time management and productivity.,10/28/2023
950,31,383,I want to enhance my communication and leadership skills.,6/20/2024
951,502,337,I wish to learn about AI and machine learning.,2/18/2023
952,562,853,Interested in mastering SEO and SEM techniques.,2/23/2023
953,457,335,I want to improve my digital marketing strategies.,11-01-2023
954,373,459,I would like to improve my time management and productivity.,09-12-2025
955,816,175,I wish to learn about AI and machine learning.,04-08-2023
956,62,813,I want to enhance my communication and leadership skills.,8/17/2023
957,629,420,Interested in mastering SEO and SEM techniques.,4/30/2024
958,316,24,Interested in data science for healthcare.,3/29/2024
959,422,31,Interested in mastering SEO and SEM techniques.,4/26/2025
960,704,888,Wanting to develop better teamwork and collaboration skills.,2/14/2024
961,906,336,I want to enhance my skills in cloud computing.,10-01-2024
962,377,671,Interested in data science for healthcare.,02-02-2023
963,404,398,Eager to learn email marketing and campaign strategies.,02-12-2024
964,301,552,Interested in data science for healthcare.,10/26/2025
965,619,745,Interested in mastering SEO and SEM techniques.,12/14/2025
966,6,977,Looking to understand web development fundamentals.,6/23/2024
967,1,275,Eager to learn email marketing and campaign strategies.,12/21/2025
968,764,666,Looking to refine my content marketing skills.,04-04-2025
969,412,98,Interested in data science for healthcare.,10/27/2025
970,309,108,I want to improve my digital marketing strategies.,10/18/2025
971,987,684,Looking to understand web development fundamentals.,11-09-2023
972,215,378,Looking to refine my content marketing skills.,10/29/2024
973,387,493,Seeking skills in conflict resolution and negotiation.,02-05-2023
974,62,958,Interested in building emotional intelligence for workplace success.,07-09-2025
975,298,506,Seeking knowledge in social media marketing.,06-01-2024
976,815,813,Aspiring to improve my project management skills.,8/14/2023
977,778,374,Wanting to develop better teamwork and collaboration skills.,5/18/2024
978,33,810,Looking to understand web development fundamentals.,10/19/2023
979,438,544,I wish to dive deeper into cybersecurity.,11-02-2023
980,937,39,I wish to learn about AI and machine learning.,7/20/2023
981,614,192,I want to enhance my skills in cloud computing.,11/19/2023
982,441,659,I want to improve my digital marketing strategies.,04-01-2024
983,613,199,I want to enhance my communication and leadership skills.,06-05-2023
984,460,516,Eager to learn email marketing and campaign strategies.,07-11-2023
985,963,586,Aiming to learn full-stack development.,06-01-2025
986,180,462,I wish to learn about AI and machine learning.,8/19/2025
987,847,989,I wish to dive deeper into cybersecurity.,10/31/2023
988,205,672,Seeking skills in conflict resolution and negotiation.,9/25/2024
989,731,488,Looking to understand web development fundamentals.,07-02-2023
990,51,15,Seeking skills in conflict resolution and negotiation.,4/26/2025
991,535,157,I want to improve my digital marketing strategies.,3/26/2025
992,917,251,Eager to learn email marketing and campaign strategies.,7/18/2024
993,395,159,I need to enhance my business analysis skills.,06-07-2025
994,688,623,Aiming to learn effective presentation techniques.,1/25/2023
995,523,990,I wish to dive deeper into cybersecurity.,05-03-2025
996,795,416,I wish to dive deeper into cybersecurity.,6/19/2023
997,802,514,Interested in building emotional intelligence for workplace success.,7/15/2023
998,17,455,Looking to refine my content marketing skills.,11/16/2024
999,245,973,I would like to improve my time management and productivity.,3/15/2025
1000,370,224,Interested in data science for healthcare.,4/24/2023
